|0|code
0|[Hey, neighbor, !, That, ?, ?, ?, s, my, naked, three-year-old, jumping, on, the, trampoline, in, your, backyard, ., I, just, happened, to, notice, last, week, that, he, really, hit, it, off, with, your, two, daughters, and, I, thought, well, heck, this, is, it, !, We, ?, ?, ?, ve, arrived, !, This, is, the, village, of, 9-, and, 11-year-old, girls, it, will, take, to, raise, my, child, !, When, we, first, moved, to, this, neighborhood, I, had, high, hopes, ., I, have, always, dreamed, of, finding, that, spirit, of, the, old, African, proverb, :, ?, ?, ?, Omwana, ni, ...]|100
1|[toilet, ., Just, don, ?, ?, ?, t, pressure, him, girls, and, everyone, and, everything, will, theoretically, be, clean, ., But, also, ?, ?, ?, if, you, could, have, him, completely, potty, trained, in, the, next, two, weeks, that, would, be, awesome, ., It, really, does, take, a, village, to, potty, train, a, child, don, ?, ?, ?, t, you, agree, ?, I, love, to, give, Mylo, as, many, opportunities, as, possible, to, be, independent, ., So, don, ?, ?, ?, t, be, surprised, if, he, shows, up, at, your, door, in, the, middle, of, the, night, wanting, to, climb, ...]|100
2|[me, rudely, I, no, longer, assume, it, must, be, because, of, her, hormones, ., Instead, I, take, into, account, the, fact, that, I, am, in, the, middle, of, an, intersection, am, dancing, a, jig, and, have, been, blocking, traffic, for, well, over, forty-five, minutes, ., The, traffic-blocking, jig, though, full, of, masculine, poetic, energy, might, have, something, to, do, with, her, curt, tone.In, the, workplace, I, am, trying, to, be, a, better, listener, ., When, a, woman, disagrees, with, one, of, my, ideas, I, no, longer, think, that, it, must, be, because, she, is, ugly, lonely, and, secretly, in, love, ...]|100
3|[?, against, them, ., Instead, of, explaining, why, you, ?, ?, ?, re, upset, using, reasons, and, logic, simply, start, crying, ., Silent, slow, tears, at, first, and, then, big, heaving, wails, ., Their, nurturing, instinct, will, kick, in, they, will, comfort, you, and, if, you, mention, a, memory, of, your, dead, father, you, just, won, every, argument, for, the, next, week, ., It, doesn, ?, ?, ?, t, matter, that, your, father, is, still, alive, and, is, coming, to, visit, for, your, birthday, ?, ?, ?, what, matters, is, that, he, feels, dead, in, that, moment, ., See, a, ...]|100
4|[?, s, behavior, problems, and, the, contents, of, what, your, tabby, hacked-up, that, morning, ., We, are, women, ., We, like, to, give, our, opinion, ., Monica, you, brought, this, on, yourself.Over, time, I, ?, ?, ?, ve, become, quite, the, expert, on, bathroom, habits, of, my, coworkers, ., And, not, all, are, as, disgusting, and, invasive, as, you, Cindy, ., There, are, the, competitive, sorts, ., These, few, are, very, busy, and, rarely, take, the, time, to, sympathize, with, their, bladders, ., These, executive, whizzers, are, in, and, out, of, the, bathroom, with, such, a, ferocious, pace, that, a, ...]|100
5|[true, !, You, know, I, ?, ?, ?, m, a, levelheaded, fellow, without, a, strong, party, preference, or, political, ideology, but, I, pride, myself, on, doing, my, homework, before, participating, in, this, sacred, institution, of, American, democracy, ., And, by, that, I, mean, that, I, read, your, Facebook, and, Twitter, posts, ., The, good, news, is, that, I, ?, ?, ?, m, just, now, starting, to, pay, attention, to, this, crazy, horserace, we, call, an, election, and, my, openness, to, new, points, of, view, is, rivaled, only, by, my, delicate, morally, conventional, sense, of, propriety, so, I, sure, hope, nothing, ...]|100
6|[?, ?, ?, ll, figure, this, out, eventually, ., The, important, thing, to, remember, is, that, people, like, me, absolutely, exist, and, are, in, no, way, a, figment, of, your, imagination, !, So, when, you, ?, ?, ?, re, posting, half, a, dozen, Trump, articles, per, day, you, and, I, know, it, ?, ?, ?, s, because, you, ?, ?, ?, re, a, true, patriot, and, not, just, a, leech, on, whatever, dwindling, pleasure, social, media, brings, to, your, friends, ?, ?, ?, wretched, lives.Sincerely, Undecided, (, but, still, thinking, Trump, is, a, pretty, solid, choice, ?, ?, ?, prove, ...]|100
7|[own, !, !, ), .Group, discount, on, funerals, for, work-related, deaths.If, all, of, this, sounds, great, to, you, ?, ?, ?, or, more, likely, if, you, ?, ?, ?, re, so, desperate, for, a, job, vaguely, related, to, your, passion, that, you, ?, ?, ?, re, willing, to, lie, your, way, into, this, literal, hellhole, ?, ?, ?, send, us, an, email, with, your, resume, a, cover, letter, and, three, relevant, samples, ., Put, I, PLEDGE, MY, FLESH, BODY, TO, CONTENT, in, the, subject, line, so, we, know, you, read, the, whole, post, ., ;, ), $, 12-, $, 14/hr, ...]|100
8|[?, ?, ?, ah, ahmah, n, ?, ?, ?, Bobby, Orr, n, ?, ?, ?, Big, Papi, n, ?, ?, ?, Gronk, n, ?, ?, ?, all, the, rest, ?, ?, ?, ah, Odin, ?, ?, ?, s, guys, ahr, lacin, ?, ?, ?, up, in, the, lockah, room, n, ?, ?, ?, pretty, soon, they, ?, ?, ?, re, all, stahtin, ?, ?, ?, tah, stohrm, outtah, the, Meadhall, ?, ?, ?, s, 500, doohrs, straight, on, tahwahds, the, rivah, n, ?, ?, ?, ?, ?, ?, OH, SHIT, !, !, !, Fuckin, ?, ?, ?, that, one, went, ...]|100
9|[some, steam, but, then, fuckin, ?, ?, ?, punched, the, wall, anyways, ?, ?, ?, ?, ?, ?, well, ?, ?, ?, cause, sometimes, punchin, ?, ?, ?, the, wall, is, just, fuckin, ?, ?, ?, theauhrapeutic, !, I, bet, Robert, Frost, punched, a, shit-ton, ?, ?, ?, ah, walls, back, in, his, day, ., N, ?, ?, ?, then, I, bet, he, went, n, ?, ?, ?, he, mended, ?, ?, ?, em, like, fuckin, ?, ?, ?, lunatic, ah, some, shit, I, don, ?, ?, ?, t, know, ?, ?, ?, ?, ?, ?, but, yeah, so, Odin, ...]|100
10|[back, by, Goodell, but, then, Mickey, Ward, winds, up, n, ?, ?, ?, clocks, Goodell, right, in, the, fuckin, ?, ?, ?, face, while, at, the, same, time, Thor, finally, takes, down, the, sehrpent, but, it, sneezes, a, shit-ton, ?, ?, ?, ah, poison, on, him, which, ain, ?, ?, ?, t, the, same, as, bee, ?, ?, ?, ah, n, ?, ?, ?, so, Thor, can, ?, ?, ?, t, handle, it, n, ?, ?, ?, he, fuckin, ?, ?, ?, dies, n, ?, ?, ?, ?, ?, ?, uhh, ?, ?, ?, ?, ?, ?, Jesus, fuckin, ?, ...]|100
11|[?, ?, m, now, looking, for, a, candidate, who, tells, it, like, it, is.Can, you, help, me, ?, I, ?, ?, ?, m, searching, for, a, candidate, who, uses, short, sentences, with, simple, words, like, maybe, one, to, three, words, max, ., Because, hi, regular, American, people, don, ?, ?, ?, t, think, or, talk, in, paragraphs, ., Also, none, of, this, long, form, mumbo, jumbo, about, ?, ?, ?, actual, policies, ?, ?, ?, or, ?, ?, ?, literally, just, give, us, even, two, details, about, how, you, ?, ?, ?, ll, achieve, any, of, this, tremendous, classy, magic, ...]|100
12|[know, someone, who, doesn, ?, ?, ?, t, know, how, to, wear, pants, that, aren, ?, ?, ?, t, completely, engulfed, in, fire, ., The, kind, of, candidate, who, just, smirks, tells, a, lie, that, quite, literally, everyone, knows, is, a, lie, and, then, leans, back, and, watches, his, favorability, ratings, go, up, ., Know, anyone, like, that, ?, If, so, please, write, his, name, on, this, piece, of, paper, and, slide, it, across, the, table, to, me, like, we, ?, ?, ?, re, doing, some, kind, of, big, shot, business, deal.Additionally, I, ?, ?, ?, d, like, to, find, ...]|100
13|[sad, enough, thank, you.Also, who, eats, FRIES, with, a, Whopperito, ?, I, couldn, ?, ?, ?, t, believe, how, many, times, we, had, to, utter, ?, ?, ?, Whopperito, ?, ?, ?, to, one, another, ., I, longed, for, the, conversation, to, be, over, but, like, a, Garth, Brooks, coming-out-of-retirement-concert, it, just, kept, going.Once, I, was, safely, at, home, with, the, doors, locked, and, blinds, drawn, I, set, my, Whopperito, on, the, table, and, unfolded, the, tortilla, ., It, dawned, on, me, that, the, Whopperito, is, essentially, a, burrito, with, pickles, ., The, other, ingredients, :, meat, lettuce, tomato, are, ...]|100
14|[little, like, mint, ., Like, a, parched, Girl, Scouts, Grasshopper, cookie, ., But, I, checked, :, it, enthusiastically, claimed, itself, to, be, green, tea, flavored, ice, cream, flavored.Eat, this, cookie, only, if, you, wish, to, be, reminded, of, all, the, things, in, the, world, that, do, not, live, up, to, their, potential, ., Or, don, ?, ?, ?, t, ., The, orangutans, will, thank, you, ., But, still, go, to, China, for, the, green, tea, toothpaste, ., That, ?, ?, ?, s, actually, very, good.-, -, -Burger, King, ?, ?, ?, s, Mac, n, CheetosSubmitted, by, Stacey, GreenbergWhen, Taco, Bell, ...]|100
15|[his, little, brother, and, I, would, each, have, one, bite, ., The, experience, would, be, Snapchatted, and, then, we, ?, ?, ?, d, all, move, on, with, our, lives.In, the, plus, column, they, didn, ?, ?, ?, t, take, extra, time, to, cook, like, the, stoopid, Buffalo, Chicken, Fries, ., The, packaging, is, attractive, ., The, actual, product, is, quite, a, sight, to, behold, ?, ?, ?, a, tube, with, lots, of, little, tubes, inside, ., Totally, tubular, !, In, the, minus, column, they, just, taste, like, super, soft, and, cheesy, fake, cheese, wrapped, in, mildly, crunchy, even, faker, cheese, ...]|100
16|[addition, to, stews, casseroles, pizza, or, tacos, A, delicious, ingredient, for, baking, or, trail, mix, tasty, snack, right, out, of, the, bag, satisfy, corn, cravings, 100, %, sweet, corn, and, nothing, else, picked, at, peak, of, ripeness, lightly, dusted, with, sea, salt, crunch, dried, ideal, for, any, eating, occasion, re-sealable, perfectly, amazing, on, the, go, snack, anytime, anywhere, Office, enjoy, with, a, movie, or, refuel, on, a, hike, Best, by, 08/03/2017Seriously, just, say, :, Our, dried, corn, is, a, Kansas, farm, summer, ., Minus, death, by, dry-corn-drowning, and, farm, animal, poop.This, stuff, is, city-girl, nostalgia, crack, ., I, do, eat, ...]|100
17|[is, on, the, opposite, side, of, the, office, roughly, 600, steps, from, my, desk, ., I, try, to, make, this, journey, every, two, hours, (, for, my, cardiovascular, health, naturally, ), and, that, brings, me, into, contact, with, temptation, approximately, 20, times, per, week, ., That, ?, ?, ?, s, twenty, opportunities, for, me, to, lose, my, grip, and, the, moment, I, do, I, feel, triumphant, in, my, own, defeat, ., (, Did, not, Sisyphus, feel, the, same, surge, of, wild, pointless, joy, at, his, momentary, easement, ?, ), I, paw, through, the, chips, trail, mixes, and, candy, bars, with, ...]|100
18|[d, driven, thru, a, McDonald, ?, ?, ?, s, so, it, ?, ?, ?, s, probably, worth, saying, also, in, case, you, ?, ?, ?, re, in, the, same, boat, as, I, was, that, things, have, changed, ., The, first, thing, you, should, know, is, that, there, ?, ?, ?, s, now, a, Signature, Sandwich, Menu, (, at, least, here, in, L.A., ), and, knowing, that, is, key, to, placing, a, coherent, order, that, is, if, you, see, a, commercial, for, an, addition, to, the, sauce, portion, of, the, menu, and, are, compelled, at, that, very, movement, to, pursue, the, ...]|100
19|[WalshI, have, been, an, avid, Oreo, lover, since, I, was, old, enough, to, eat, solid, food, ., I, have, fond, memories, of, deconstructing, these, sinful, sandwiches, with, my, dad, and, stacking, them, back, together, with, peanut, butter, whipped, cream, and, other, sweets, to, make, towering, saccharine-filled, monstrosities, that, would, make, any, dentist, cringe, ., (, My, dad, actually, is, a, dentist, making, this, even, more, ironic, ., ), Needless, to, say, when, my, fianc, ?, ?, and, I, saw, the, Strawberry, Shortcake, variety, at, our, local, Walmart, one, innocuous, Friday, afternoon, I, nearly, trampled, some, kids, in, the, aisle, on, ...]|100
20|[the, first, of, my, friends, ., If, there, were, a, lull, in, any, conversation, my, sampling, of, this, trendy, beverage, would, diffuse, the, tension, ., ?, ?, ?, Have, you, guys, tried, the, pink, drink, ?, ?, ?, ?, I, would, ask, ., The, conversation, would, pick, up, coconut, milk, wins, again.Wrong.The, ?, ?, ?, pink, drink, ?, ?, ?, ?, ?, ?, Starbucks, ?, ?, ?, strawberry, acai, refresher, with, coconut, milk, instead, of, water, ?, ?, ?, is, as, disappointing, as, it, is, difficult, to, say.Described, as, a, pink, Starburst, liquefied, it, combines, the, right, amount, of, disappointment, ...]|100
21|[to, your, mouth., ?, ?, ?, He, totally, hates, your, cookies., ?, ?, ?, Derrick, snickers, ., He, is, wearing, those, ridiculous, sneakers, with, his, potato-colored, slacks., ?, ?, ?, That, ?, ?, ?, s, not, something, to, say, ?, ?, ?, Mary, says, in, her, sing-song, voice, ., She, crosses, her, arms.Mei, stands, shyly, beside, the, community, table, where, there, is, a, potted, fern, and, a, pile, of, assorted, napkins, brown, napkins, from, the, Chipotle, white, cafeteria-style, napkins, from, the, Thai, kiosk, downstairs, a, roll, of, paper, towels, fluffy, picnic, napkins, with, hearts, and, teddy, bears.Mei, once, called, you, ...]|100
22|[related, to, her, grief, of, separation, from, her, three, children, whom, she, only, saw, twice, a, year, when, they, pressed, their, young, faces, against, a, rusted, border, fence, outlining, China, and, not-China, territories, of, a, world, young, Mei, intuited, was, a, place, of, riches, ?, ?, ?, migod, !, Bell-bottom, pants, and, pop, records, and, Coca-Cola, and, warehouses, full, of, cooking, oil, ., Back, then, cooking, oil, was, scarce, and, pork, fat, was, loaded, into, anything, to, address, severe, winters, of, side-dashing, snow, storms, that, seethed, over, the, countryside, and, made, you, want, to, die, a, gentle, sleep, tin, canisters, ...]|100
23|[a, moral, compass, it, ?, ?, ?, s, simply, too, much, for, my, unbridled, spirit, to, bear.Putting, my, aesthetic, and, ethical, principles, aside, I, dried, my, bitter, tears, and, opened, the, twist-off, cap, separating, me, and, the, future, of, 21st, century, hydration, ., If, you, enjoy, the, sour, sting, of, defeat, upon, your, tongue, accompanied, with, the, assurance, of, dental, decay, please, proceed, past, the, first, sip, ., I, certainly, did, ., I, was, ?, ?, ?, lit, ?, ?, ?, as, the, millennials, say, ., My, heart, ablaze, I, wondered, how, something, can, simultaneously, taste, sweet, sour, and, soggy, ...]|100
24|[section, packaged, and, stacked, on, floating, tables, like, gluten-ed, and, sugared, Homerian, sirens, and, I, ?, ?, ?, d, forgotten, to, stuff, my, ears, with, beeswax.There, was, one, package, of, Chocolate, Brooklyn, Babka, left, in, the, Cakes, Masquerading, as, Breakfast, Items, pile, hidden, between, stacks, of, cranberry, orange, scones, and, blueberry, muffins, ., As, I, read, the, label, I, thought, of, a, magical, weekend, I, ?, ?, ?, d, had, in, New, York, with, friends, where, I, ?, ?, ?, d, had, chocolate, babka, that, melted, in, my, mouth, and, stuck, to, my, ribs, ., And, so, I, threw, the, ...]|100
25|[eggnog, in, the, dairy, section, but, I, stopped, short, as, soon, as, I, saw, it.The, bottle.The, bottle, of, Califia, Farms, ?, ?, ?, Classic, Cinnamon, Horchata.The, beverage, that, Ezra, Koenig, praised, so, earnestly, in, the, 2010, song, ?, ?, ?, Horchata., ?, ?, ?, Although, I, hadn, ?, ?, ?, t, really, listened, to, Vampire, Weekend, since, high, school, I, figured, I, could, at, least, give, this, ?, ?, ?, creamy, dreamy, sweetness, ?, ?, ?, a, chance, ., At, $, 4.99, for, 48, ounces, it, was, cheaper, than, the, ?, ?, ?, nog, and, I, hoped, it, might, carry, ...]|100
26|[., This, unterjause, does, not, even, have, the, dignity, to, be, greasy, !, It, does, not, improve, it, does, not, innovate, it, does, not, stand, out, ., No, these, are, not, like, the, Double, Down, or, the, Cronut, bold, assaults, on, the, human, sense, of, taste, (, in, both, respects, ), ., These, are, dull.Why, is, the, Loaded, Dorito, dangerous, ?, Because, it, is, no, threat, ., Because, it, promises, excitement, and, delivers, nothing, ., It, is, the, Ackman, ?, ?, ?, s, Herbalife, lecture, of, snacks, ., But, this, does, not, mean, it, is, not, dangerous, ., For, if, ...]|100
27|[get, stupid, and, order, a, frappucino.These, days, though, as, a, whatever, adult, who, thinks, about, the, valence, of, grams, of, sugar, in, her, coconut, milk, Starbucks, has, made, life, easier, for, me, ., Thank, you, green-aproned, baristas, across, the, country, for, stocking, your, pre-counter, baskets, with, thusly-branded, healthy, snacks, ., Boutique, chocolate, from, Vosges, packets, of, spicy, seeds, sourced, from, some, bougie, sounding, place, in, Connecticut, gluten-free, pretzel, sticks, ., Then, there, ?, ?, ?, s, my, favorite, :, packed, inside, turquoise, and, fiery, orange, bags, along, with, ample, air, and, a, silicon, desiccant, tablet, kale, chips, made, by, Rhythm, ...]|100
28|[wants, to, do, that, at, a, cramped, caf, ?, ?, table, ?, ?, ?, ?, or, use, a, soup, spoon, or, resign, myself, to, throwing, away, what, is, surely, 450, %, of, the, nutritional, content.The, other, day, I, stood, in, line, at, a, Starbucks, inside, the, Barnes, and, Noble, at, LA, ?, ?, ?, s, Galleria, ., Compromised, circumstances, :, the, air, was, warm, I, ?, ?, ?, d, just, finished, a, juice, greened, with, spinach, I, was, still, hungry, ., I, scanned, for, those, turquoise, or, orange, bags, ?, ?, ?, oh, my, god, JoAnna, I, thought, ., Get, ...]|100
29|[me, to, run, an, errand, for, her, ., She, gave, me, a, $, 20, bill, and, told, me, to, go, to, Whole, Foods, where, I, would, find, a, box, of, ?, ?, ?, tea, for, women., ?, ?, ?, At, first, I, could, not, believe, that, gender, binaries, had, seeped, into, tea, production, but, I, kept, my, mouth, shut, ., Halfway, down, aisle, 4, I, came, across, an, assortment, of, teas, ?, ?, ?, chamomile, green, white, ginger, spice, and, more, ., I, scanned, each, row, looking, for, women, ?, ?, ?, s, tea, and, was, ready, to, give, up, ...]|100
30|[would, have, been, disappointing.The, time, came, ., They, certainly, smelled, like, cookies, and, flavor, ?, ?, ?, if, you, did, whatever, the, olfactory, equivalent, of, squinting, is, ., Anticipating, my, disgust, with, something, close, to, perversion, I, enthusiastically, chomped, the, head, off, as, all, sane, people, feel, compelled, to, do, when, presented, with, anthropomorphic, food.The, taste, is, best, described, as, that, of, a, mild, medical, adhesive, ., The, texture, of, the, ?, ?, ?, cream, ?, ?, ?, part, of, the, sweet, was, slightly, chalkier, than, I, imagine, most, consumers, would, care, for, ., I, was, disappointed, ., I, could, ...]|100
31|[Naturally, upon, entering, the, bakery, my, eyes, transfixed, on, a, gaudy, roll, I, was, sure, tasted, as, dangerous, as, it, looked, ., Rows, of, gold, green, and, purple, sprinkles, nestled, in, a, sweet-cheese, frosting, beckoned, me, in, a, similar, fashion, that, New, Orleans, did, so, many, years, ago.Now, I, ?, ?, ?, ve, seen, bits, of, Girls, Gone, Wild, :, Best, of, Mardi, Gras, (, just, like, any, self-respecting, researcher, ), and, I, ?, ?, ?, ve, vacationed, in, Disney, ?, ?, ?, s, Port, Orleans, Resort, but, neither, prepared, me, for, the, unbridled, bliss, I, was, yet, to, experience, ...]|100
32|[destined, for, a, fruit-filled, cocktail, ., But, it, was, not, to, be, ., The, chefs, manipulated, those, green, cherries, into, sauces, for, chicken, and, pork, and, a, ?, ?, ?, vinaigrette, ?, ?, ?, for, authentically, green, lettuce, ., I, swore, I, saw, a, chef, taste, one, and, puke, behind, his, station.My, house, is, not, the, Chopped, kitchen, and, our, cherry, usage, is, usually, relegated, to, desserts, or, the, occasional, sticky-fingered, jar, grab, at, midnight, ., I, could, only, imagine, the, green, dye, and, sugar, involved, in, creating, these, seemingly, radioactive, cherries, ., Before, my, mom, could, procure, an, industrial-size, ...]|100
33|[dinner, without, batting, an, eye, ., They, ?, ?, ?, re, just, getting, something, besides, briny, cucumbers, usually.I, took, them, home, the, mason, jar, a, vial, for, what, one, has, to, assume, was, a, brining, agent, comprised, of, the, Russian, royal, family, ?, ?, ?, s, tears, ;, vinegar, turned, from, the, wine, the, Church, first, declared, Jesus, ?, ?, ?, s, transubstantiated, blood, ;, a, clove, of, garlic, already, successful, in, warding, off, a, real, vampire, ;, the, salt, Gandhi, himself, picked, up, during, the, Salt, March, ;, and, ordinary, dill, because, nothing, famous, has, ever, happened, with, dill.I, ...]|100
34|[touch, of, umami, whisked, by, dancing, flames, ., The, Doritos, are, part, of, the, ?, ?, ?, Royal, ?, ?, ?, chips, line, which, includes, other, savory, facsimiles, like, ?, ?, ?, Tandoori, Chicken, ?, ?, ?, ?, ?, ?, Garlic, Shrimp, ?, ?, ?, and, ?, ?, ?, Beef, Consomme., ?, ?, ?, Their, shape, is, also, distinctive, with, one, rounded, corner, and, two, straight, ones, simultaneously, suggesting, a, royal, hierarchy, or, referencing, the, shape, of, the, crown, ., They, are, highly, recommended, ., Snack-time, truly, engulfed, me, and, I, was, nameless, and, ageless, a, flush-faced, daughter, of, Vesta, ...]|100
35|[on, a, pond, ;, banana, sugar, syrup, oozing, between, the, cracks, ;, a, dollop, of, whipped, cream, just, a, teaspoon, ;, scattered, teeny, semi-sweet, chocolate, chips, ;, and, peanuts.I, hesitate, to, finish, describing, it, because, as, a, whole, it, is, inimitable, ?, ?, ?, if, someone, were, to, attempt, a, reproduction, from, my, account, and, somehow, miss, the, magical, key, to, this, creation, I, would, be, very, sad, and, not, want, it.But, that, too, is, impossible, ., See, they, make, their, own, peanut, brittle, and, it, ?, ?, ?, s, like, the, soft, kind, ?, And, then, they, involve, it, ...]|100
36|[and, will, break, if, exposed, to, moisture, fast, breathing, or, chair, noises.Storing, PropsStorage, for, props, does, not, exist.Ticket, SalesAll, show, tickets, cost, $, 20, in, person, or, $, 47, online, ., All, non-performing, participants, (, writers/directors/producers/stage, managers, ), must, purchase, a, ticket, EVERY, time, they, enter, the, venue, use, the, restroom, or, hold, sustained, eye, contact, with, the, venue, director.Actors, are, not, required, to, purchase, a, ticket, for, their, own, show, although, it, is, HIGHLY, RECOMMENDED, ., Our, venue, has, a, capacity, of, 75, individuals, ., If, this, maximum, is, exceeded, non-ticket-holding-, actors, will, be, required, to, exit, the, building, ...]|100
37|"[to, get, the, attention, of, Oregon, tourists, who, were, exploring, offshore, rocks, and, were, oblivious, to, the, incoming, tide, ), ., My, kids, think, it, looks, like, a, ram, ?, ?, ?, s, horn, but, they, are, wrong, ., I, know, it, is, a, shrimp, ?, ?, ?, one, of, A, and, J, ?, ?, ?, s, favorite, foods, and, the, ghost, in, New, Orleans, that, allowed, the, call, to, come, through, and, said, ?, ?, ?, Put, down, that, jambalaya, ., Your, sister, needs, you, back, East., ?, ?, ?, |100, 11|Dear, Human, Resources, Department, I, would, like, to, ...]"|100
38|[turns, his, own, party, against, him, ?, It, HAS, to, be, right, ?, I, bet, it, is, !, I, ?, ?, ?, m, going, to, engage, with, a, social, media, platform, that, mines, my, personal, data, (, So, many, banner, ads, for, antidepressants, !, ), to, say, just, that, ., And, ?, ?, ?, done, !, Now, my, friends, know, EXACTLY, what, I, think, (, Even, though, none, of, them, are, planning, to, vote, for, Donald, Trump, nor, have, they, ever, met, or, seen, anyone, who, is, planning, to, vote, for, Donald, Trump, ., ), Look, say, what, you, will, ...]|100
39|"[?, ?, s, it, ., I, ?, ?, ?, m, moving, to, Canada, ., Probably, gon, na, buy, some, relaxed-fit, pleated, khakis, first.-, -Tom, O, ?, ?, ?, Donnell, ?, ?, ?, s, new, illustrated, middle-grade, book, Hamstersaurus, Rexis, out, now.|100, 13|To, :, Team, @, Trump.orgFrom, :, PR, @, Trump.orgSubj, :, [, URGENT, ], Subway, Talking, PointsTeam, Quick, reminder, :, Under, no, circumstances, can, Mr., Trump, be, seen, holding, a, Subway, sandwich, ., As, you, may, recall, from, our, briefing, in, July, the, standard, size, of, six-inch, and, footlong, Subway, sandwiches, are, damning, sources, of, scale, ., A, photo, of, ...]"|100
40|[?, values, that, do, not, align, with, Jared, Fogle, ., (, Do, not, mention, the, fact, Jared, Fogle, has, endorsed, Trump, as, this, is, not, a, sought-after, endorsement, ., ), Trump, will, not, compromise, his, character, for, a, sandwich, ?, ?, ?, a, sandwich, that, may, very, well, be, delicious, ?, ?, ?, we, have, no, idea, ., Trump, would, gladly, hold, a, Subway, sandwich, in, his, hands, if, he, had, a, good, reason, to, ., But, he, doesn, ?, ?, ?, t, ., So, he, won, ?, ?, ?, t, ., End, of, story.If, the, media, points, out, this, ...]|100
41|[shall, drown, out, all, the, rest, ., No, visible, window, shall, stand, free, of, a, hanging, ?, ?, ?, W, ?, ?, ?, pennant, as, no, ?, ?, ?, W, ?, ?, ?, shall, stand, for, anything, but, long-awaited, victory, ., Not, anything, but.And, the, city, shall, burn, to, the, ground, as, a, new, era, is, violently, ushered, in.All, this, has, been, foretold, ., All, this, is, what, shall, come, to, pass, this, tenth, month, of, the, sixteenth, year, of, the, third, millennium.But, twenty, percent, shall, be, taken, off, the, bill, of, any, soul, who, displays, a, Chicago, Cubs, ticket, ...]|100
42|[?, re, using, wireless, headphones, ?, Don, ?, ?, ?, t, you, miss, having, a, cord, ?, ?, ?, ?, or, ?, ?, ?, You, seem, to, have, lost, the, cord, to, your, headphones, ., Would, you, like, to, use, my, headphones, instead, ?, ?, ?, ?, Make, sure, as, you, ?, ?, ?, re, speaking, to, her, that, your, corded, headphones, are, in, plain, view, so, she, can, see, what, she, ?, ?, ?, s, missing, before, she, answers, ., She, may, have, left, the, house, that, morning, convinced, that, she, does, not, need, or, want, a, headphone, jack, ...]|100
43|[a, CACOPHONOUS, crescendo, of, notes, !, I, think, my, own, story, is, like, these, notes, and, ours, could, be, too, ., In, some, ways, the, crescendo, of, a, saxophone, is, a, metaphor, that, can, carry, my, entire, story, :, starting, low, and, ending, high, beginning, from, the, bottom, (, my, many, failures, ), to, my, success, (, Saxophone, Club, !, ), ., The, crescendo, could, be, metaphor, for, us, in, my, example, too.Therefore, we, seem, to, fit, well, together, well, ., My, dad, dated, a, Sarah, Lawrence, at, his, age, ., As, did, my, aunt, ., I, value, this, tradition, ...]|100
44|[you, have, a, business, problem, we, don, ?, ?, ?, t, come, back, to, you, with, the, kind, of, practical, realistic, ?, ?, ?, solutions, ?, ?, ?, you, ?, ?, ?, d, expect, to, see, in, the, played-out, agency, world, ., We, don, ?, ?, ?, t, make, print, ads, we, produce, visual, anarchy, ., We, don, ?, ?, ?, t, write, copy, we, craft, maddening, inescapable, verbal, labyrinths, creating, a, sense, of, wonder, that, compels, your, audience, to, ask, ?, ?, ?, What, does, this, even, mean, ?, ?, ?, ?, and, ?, ?, ?, Why, do, I, ...]|100
45|"[., One, of, the, tumor, rats, has, gotten, trapped, inside, the, copy, machine, so, now, it, just, spits, out, gross, inky, blobs.|100, 19|Dear, Mr, ., Guest, :, Thank, you, for, your, recent, submission, ?, ?, ?, What, I, Talk, About, When, I, Talk, About, Paying, Off, My, Student, Loan, Debt, ?, ?, ?, to, Navient, ?, ?, ?, s, Loan, Repayment, Success, Story, Quarterly, ., We, read, it, with, great, interest, !, We, are, excited, to, present, it, to, our, student, loan, borrowers, !, We, know, it, will, encourage, the, many, thousands, of, borrowers, to, give, us, the, money, they, ...]"|100
46|[in, promotions, and, other, publications, ?, ?, ?, in, perpetuity., ?, ?, ?, But, again, think, of, the, exposure, !, We, have, borrowers, all, over, the, world, !, Your, copy, of, the, Quarterly, is, available, for, $, 27, via, our, website, linked, at, the, bottom, of, this, email.On, a, final, note, we, want, to, encourage, you, to, take, a, vacation, now, that, you, ?, ?, ?, ve, paid, off, your, Student, Loan, ., We, recommend, not, using, the, snowball, effect, to, pay, off, your, remaining, debt, ., Did, you, know, that, by, saving, your, former, monthly, minimum, loan, payment, amount, ...]|100
47|[talking, about, it.REPORTER, :, You, mean, to, say, that, ducks, ?, ?, ?, avians, with, warm, blood, ?, ?, ?, are, the, same, as, reptiles, ?, TRUMP, :, I, ?, ?, ?, m, telling, ya, ., They, ?, ?, ?, re, reptiles.Early, October, News, CycleMAINSTREAM, NEWS, ARTICLE, :, ?, ?, ?, Trump, Asserts, That, Ducks, and, Reptiles, Are, the, Same, ., Experts, Disagree., ?, ?, ?, RIGHT-WING, BLOG, :, ?, ?, ?, Trump, CRUSHES, MSM, Reporter, Trying, to, Silence, Him., ?, ?, ?, EVEN, MORE, RIGHT-WING, BLOG, :, ?, ?, ?, Sorry, Libtards, ., Ducks, ARE, Reptiles., ?, ?, ?, ...]|100
48|[said, when, I, reached, for, my, wallet, ., ?, ?, ?, I, grabbed, the, wrong, bag., ?, ?, ?, I, pulled, out, a, half, ounce, of, medical-grade, marijuana., ?, ?, ?, Blaze, some, of, that, Chiesel, with, me, and, we, ?, ?, ?, ll, call, it, even, ?, ?, ?, Kurt, said, ., ?, ?, ?, Let, ?, ?, ?, s, go, check, out, my, room., ?, ?, ?, I, followed, him, upstairs, ., The, hallway, was, papered, with, all, my, favorite, movies, like, Bring, It, On, Reservoir, Dogs, and, Maze, Runner, :, Scorch, Trials.We, sat, on, his, awesome, bed, ...]|100
49|[?, ?, m, a, really, good, kisser, even, when, I, ?, ?, ?, m, crying, which, I, wasn, ?, ?, ?, t., ?, ?, ?, Would, you, mind, driving, my, second, Ferrari, back, to, my, place, for, me, ?, ?, ?, ?, I, asked, when, it, was, all, over., ?, ?, ?, Sure, dude, ?, ?, ?, Kurt, said, ., ?, ?, ?, I, ?, ?, ?, d, kind, of, like, to, meet, your, mom, anyway, ., Not, that, I, ?, ?, ?, m, weird, or, anything, ., But, if, your, mom, knows, me, and, likes, me, it, will, just, ...]|100
50|"[for, my, desk, and, wonder, if, you, ?, ?, ?, re, still, using, the, plaque, I, got, for, you, that, says, BOSS, BITCH.With, this, sassy, mug, I, thee, wed.|100, 24|Dear, AMQR, Subscriber, First, off, we, apologize, ., We, promised, that, if, you, signed, up, for, a, one-year, subscription, to, the, Arthur, Miller, Quarterly, Review, you, ?, ?, ?, d, be, given, access, to, exclusive, never-before-seen, photos, of, acclaimed, American, playwright, Arthur, Miller, in, the, nude, ?, ?, ?, photos, that, have, yet, to, be, delivered, ., By, now, you, may, believe, such, photos, do, not, exist, ., Perhaps, you, think, ...]"|100
51|[mustang, while, filming, The, Misfits, in, the, sweltering, desert, badlands, of, Nevada, ?, That, Arthur, Miller, author, of, All, My, Sons, and, The, Crucible, went, eighty-nine, years, without, a, single, tan, line, ?, That, Arthur, Miller, colossus, of, American, arts, and, letters, recipient, of, honorary, degrees, from, Oxford, and, Harvard, benefitted, from, the, extra, vigor, of, a, supernumerary, testicle, ?, Our, collection, of, nude, ?, ?, ?, shall, we, call, them, urgent, ?, ?, ?, ?, photos, of, Miller, shrugging, off, the, shackles, of, modern, dress, are, not, merely, a, groundbreaking, cultural, artifact, they, ?, ?, ?, re, what, you, ...]|100
52|[my, other, free, shirt, says, :, COINCIDENCES, DON, ?, ?, ?, T, EXIST.-, -Conspiracy, Claim, :, Jet, fuel, can, ?, ?, ?, t, melt, steel, beams, which, proves, that, it, was, actually, strategically, placed, controlled, demolitions, that, brought, down, the, Twin, Towers.Debunking, Claim, :, The, National, Institute, of, Standards, and, Technology, concluded, that, the, burning, jet, fuel, didn, ?, ?, ?, t, need, to, melt, the, steel, beams, in, the, towers, only, to, weaken, them, enough, to, bring, about, the, collapse.Rebunking, Claim, :, The, heinous, attacks, on, the, World, Trade, Center, were, perpetrated, for, one, purpose, :, to, educate, people, ...]|100
53|[people, will, die, and, massive, wars, will, start, ., You, wouldn, ?, ?, ?, t, even, believe, me, if, I, told, you, what, atrocities, were, allowed, to, occur, for, Shrek, to, come, about, ., Here, ?, ?, ?, s, a, hint, :, it, involves, Bosnia.-, -Conspiracy, Claim, :, The, ?, ?, ?, planes, ?, ?, ?, that, hit, the, Twin, Towers, and, the, Pentagon, were, missiles, surrounded, by, holograms, that, were, made, to, appear, as, planes.Debunking, Claim, :, Not, only, is, this, supposition, well, beyond, current, hologram, technology, it, can, not, account, for, the, missing, planes, passengers, and, hijackers, ., ...]|100
54|[of, one, of, the, panelists, ., Writers, hate, nothing, more, than, reflecting, on, their, work, in, a, way, that, illuminates, both, the, audience, and, themselves, not, just, about, their, own, writing, but, the, very, nature, of, writing, itself, ., Yawn.No, what, the, panel, really, wants, to, do, is, give, you, very, specific, career, advice, that, ?, ?, ?, s, only, applicable, to, your, very, specific, situation.You, ?, ?, ?, ve, got, to, be, kidding, ., This, panel, of, Dante, Alighieri, scholars, say, they, have, no, words, of, wisdom, about, getting, a, foot, in, the, door, of, the, fiercely, competitive, erotic, ...]|100
55|[?, CITY, ?, ?, ?, S, SHUTDOWN, LIKE, THE, WINTAH, ?, ?, ?, AH, 2015, NEVAH, EVEN, FUCKIN, ?, ?, ?, ENDED.Now, natruhlly, this, is, some, real, heahrt-breakin, ?, ?, ?, news, fah, poohr, Thor, since, he, ?, ?, ?, s, fuckin, ?, ?, ?, stahvin, ?, ?, ?, but, just, tah, be, clee, ?, ?, ?, ah, he, doesn, ?, ?, ?, t, give, a, rat, ?, ?, ?, s, ass, ?, ?, ?, bout, the, snow, ., This, is, fuckin, ?, ?, ?, Thor, we, ?, ?, ?, re, talkin, ?, ?, ?, ?, ?, ?, bout, hee, ...]|100
56|[?, ?, s, fuckin, ?, ?, ?, stahved, !, I, TOLD, YOU, THIS, ALREADY, ., He, ain, ?, ?, ?, t, eaten, since, Mahch, n, ?, ?, ?, he, doesn, ?, ?, ?, t, give, a, flyin, ?, ?, ?, fuck, ?, ?, ?, bout, ahrganic, ah, locally, grown, whatevah, ., He, just, wants, a, GODDAMNED, BREAKFAST, SANDWICH, IS, ALL, ., N, ?, ?, ?, alsah, maybe, a, donut, ah, two.Yeah, so, he, uses, his, magic, hammah, ?, ?, ?, NOT, HIS, DICK, ?, ?, ?, tah, break, n, ?, ?, ?, entah, intah, the, DD, like, a, fuckin, ?, ...]|100
57|"[SUCK, ON, THAT, CRAWFORD, !, !, !, SUCK, ON, THAT, !, !, !, We, got, the, lead, man, man, !, WE, GOT, THE, LEAD, !, !, !, ``, |100, 28|INTERIOR, (, NIGHT, ), [, RORY, and, LORELAI, duck, behind, the, counter, of, Luke, ?, ?, ?, s, diner, ., Debris, is, all, around, them, ., Sounds, of, explosions, and, alien, ray, guns, can, be, heard, outside, ., LORELAI, frantically, tries, to, fix, a, coffee, machine, while, Rory, sits, pale, and, speaking, rapidly, under, her, breath, ., ], RORY, :, Wow, aliens, ., Stars, Hollow, sure, has, changed, in, the, last, ...]"|100
58|[and, RORY, continue, making, sounds, ., LUKE, is, not, amused, ., ], LUKE, :, Will, you, please, SHUT, UP, !, [, LORELAI, stops, making, noises, ., RORY, continues, ., ], LORELAI, :, That, ?, ?, ?, s, definitely, the, sound, of, a, large, diesel, engine, ., Really, large.RORY, :, Like, construction, equipment, ?, Is, someone, going, to, steamroll, the, space, invaders, ?, LORELAI, :, Maybe, ., Definitely, sounds, like, someone, someone, human, is, coming, to, help, ., Just, a, question, of, who, ?, ?, ?, RORY, :, The, government, ?, LORELAI, :, Is, this, the, kind, of, response, time, you, ...]|100
59|[grandma, !, LUKE, :, Emily, ., [, EMILY, reaches, into, the, car, and, grabs, a, martini, glass, ., She, pours, a, clear, frothy, liquid, from, her, shaker, into, it, and, takes, a, drink, ., ], EMILY, :, Not, the, same, without, an, olive, but, I, suppose, it, will, do.LORELAI, :, Martinis, ?, Aliens, invade, and, you, jump, in, the, car, with, a, shaker, full, of, martinis, ?, EMILY, :, Oh, give, it, a, rest, Lorelai, ., Aliens, invade, and, you, DON, ?, ?, ?, T, have, martinis, ?, RORY, :, She, makes, a, good, point, Mom, ., Got, anything, else, ...]|100
60|[taught, by, the, head, CSI, guy, for, Seattle, ., His, name, is, Brian, ., I, walk, into, the, bar, and, there, he, is, ., He, was, like, ?, ?, ?, Hey, !, What, are, you, doing, here, ?, ?, ?, ?, We, had, a, little, conversation, just, shooting, the, shit, for, a, second., ?, ?, ?, Shira, asked, Brian, about, the, puddles, of, blood, in, the, lounge, ., ?, ?, ?, I, was, like, ?, ?, ?, Hey, can, we, clean, this, up, ?, ?, ?, ?, and, he, ?, ?, ?, s, like, ?, ?, ?, No, ., You, ...]|100
61|[., I, ?, ?, ?, d, help, the, grieving, family, or, I, ?, ?, ?, d, drive, them, somewhere, if, they, needed, ., Things, like, that, ., I, was, in, the, process, of, getting, my, funeral, director, ?, ?, ?, s, license, but, there, was, this, one, instance, where, I, decided, I, just, couldn, ?, ?, ?, t, do, it, anymore, ., This, old, woman, was, saying, goodbye, to, her, husband, ., I, was, standing, right, next, to, the, casket, ., She, walked, up, to, him, and, she, said, ?, ?, ?, I, ?, ?, ?, ll, see, you, soon, ...]|100
62|[rude, to, any, of, the, employees, ?, ?, ?, she, said, ., Often, he, ?, ?, ?, d, mention, his, father, ?, ?, ?, s, sports, bar, ., ?, ?, ?, It, ?, ?, ?, d, be, like, an, ?, ?, ?, ?, ?, ?, I, see, you, ., We, should, be, nice, to, each, other, ., I, ?, ?, ?, m, in, the, industry, too, ., Let, ?, ?, ?, s, hang, out, ?, ?, ?, ?, ?, ?, kind, of, thing., ?, ?, ?, Weeks, after, the, shooting, Shira, ran, into, Whitney, at, a, grocery, store, ., She, ...]|100
63|[building, ., Stephan, ?, ?, ?, s, response, was, unemotional, ., ?, ?, ?, I, think, they, used, a, white, bag, and, that, kind, of, surprised, me, ?, ?, ?, he, said, when, I, asked, what, details, stood, out, ., ?, ?, ?, I, ?, ?, ?, d, always, thought, body, bags, were, black., ?, ?, ?, The, shooting, impacted, Stephan, in, other, distinct, ways, ., ?, ?, ?, My, lawyer, heard, about, it, and, called, me, immediately, ., He, told, me, ?, ?, ?, Don, ?, ?, ?, t, talk, to, anyone, ., You, don, ?, ?, ?, t, ...]|100
64|[got, real, didn, ?, ?, ?, t, it, ?, Felonies, and, gourds, have, one, very, important, commonality, :, they, ?, ?, ?, re, both, extremely, fucking, real, ., Sorry, if, that, ?, ?, ?, s, upsetting, but, I, ?, ?, ?, m, not, doing, you, any, favors, by, shielding, you, from, this, anymore.The, next, thing, I, ?, ?, ?, m, going, to, do, is, carve, one, of, the, longer, gourds, into, a, perfect, replica, of, the, Mayflower, as, a, shout-out, to, our, Pilgrim, forefathers, ., Then, I, ?, ?, ?, m, going, to, do, lines, of, blow, off, its, hull, ...]|100
65|[?, ?, ?, s, end, ., In, modern, culture, the, name, Atto, is, still, evoked, in, the, face, of, poor, weather, evasive, orgasms, and, that, thing, of, when, a, restaurant, is, really, great, and, then, it, changes, management, and, the, service, starts, to, go, downhill, ., By, the, sickle, of, Atto, !, !, At, the, end, of, the, 18th, century, some, menfolk, who, wanted, more, time, to, play, golf, implemented, the, practice, of, Daylight, Savings, Time, from, spring, until, fall, ., This, could, have, been, adopted, as, a, year, round, practice, but, wasn, ?, ?, ?, t, because, our, society, ...]|100
66|[100K, in, annual, earnings, to, show, for, it, but, there, was, something, missing, ., It, wasn, ?, ?, ?, t, kids, pets, or, lavish, trips, no, ., We, needed, an, injection, of, passion, and, excitement, into, a, life, that, had, grown, stale, over, the, better, part, of, a, decade, ., That, ?, ?, ?, s, when, we, decided, to, make, a, drastic, change, ., We, decided, to, cut, the, proverbial, fat, and, went, all-in, on, a, cozy, 174-square, foot, tiny, home, and, I, ?, ?, ?, ve, got, to, say, it, has, completely, revolutionized, how, my, wife, and, I, fight.Just, ...]|100
67|"[I, look, into, the, eyes, of, my, spouse, as, she, does, dishes, in, our, bathroom-kitchen, hybrid, and, I, see, the, eternal, look, of, resentment, on, her, face, well, you, can, ?, ?, ?, t, put, a, price, tag, on, that.|100, 33|Thanks, for, taking, the, time, to, meet, with, me, today, ., As, you, know, I, ?, ?, ?, ve, been, working, here, for, nine, years, now, ., I, work, long, hours, weekends, and, even, cover, for, others, when, they, fail, to, get, the, job, done, ., I, ?, ?, ?, ve, been, a, model, employee, for, all, nine, of, these, ...]"|100
68|[devolves, into, chaos, ., Why, should, your, pants, imply, anything, else, ?, The, way, your, eyes, ?, ?, ?, you, tell, people, they, ?, ?, ?, re, russet, ?, ?, ?, gaze, out, the, train, window, distant, as, if, searching, for, something, other, than, the, darkness, behind, false, plexiglass, ., Perhaps, you, ?, ?, ?, re, debating, whether, dialect, is, productive, or, as, your, PC, gut, can, ?, ?, ?, t, help, but, suspect, insulting, ., That, ?, ?, ?, s, hot.I, see, the, way, your, glasses, with, familiar, frames, built, by, tiny, hands, bearing, Chinese, blood, and, hipster, purposes, ...]|100
69|[?, ?, 30, ?, ?, ?, lamp, tag, ., When, a, miner, went, down, into, the, mine, he, handed, over, his, identifying, tag, and, was, issued, a, flame, safety, lamp, with, the, same, number, ., The, tag, was, typically, put, on, a, peg, with, all, the, other, miners, ?, ?, ?, tags, from, that, shift, ., When, a, miner, ended, his, shift, he, handed, in, the, lamp, and, got, his, tag, back, ., If, there, was, a, tag, left, on, the, board, that, meant, a, miner, was, unaccounted, for, and, a, search, typically, commenced, ., The, underground, mine, closed, in, ...]|100
70|[?, ?, ?, 23, ., ?, ?, ?, Here, ?, ?, ?, s, the, Section, Where, We, Tackle, Illegal, Immigration, ?, ?, ?, 24, ., ?, ?, ?, This, Song, ?, ?, ?, s, in, Spanish, ?, ?, ?, 25, ., ?, ?, ?, Here, ?, ?, ?, s, One, With, Horns, ?, ?, ?, 26, ., ?, ?, ?, And, This, One, ?, ?, ?, s, Kind, of, About, Falling, In, Love, With, an, Immigrant, But, We, Don, ?, ?, ?, t, Know, Too, Many, Immigrants, So, It, ?, ?, ?, s, Actually, About, Stu, ?, ?, ?, s, ...]|100
71|"[I, have, to, write, something, unique, and, personal, while, using, the, cadence, of, an, office, memo.Thanks, for, your, consideration, A, future, overqualified, bartender|100, 38|David, Mary, (, cc, ?, ?, ?, d, ), forwarded, me, your, latest, soft/hard, bounce, rate, report, this, morning, ., I, must, admit, in, my, seven, years, of, marketing, I, have, never, encountered, a, set, of, data, such, as, this, ., The, tenderness, and, raw, emotion, you, convey, in, such, a, simple, medium, touched, my, soul, ., My, heart, which, I, thought, had, hardened, in, the, face, of, so, many, soulless, depictions, of, keyword, optimization, results, and, ...]"|100
72|[?, item, identifier, ?, ?, ?, !, It, ?, ?, ?, s, a, reference, to, the, primacy, of, the, id, Freud, ?, ?, ?, s, concept, of, humanity, ?, ?, ?, s, basic, instinctual, drives, ., To, have, this, in, the, first, column, and, the, first, row, cell, A1, ?, ?, ?, Adam, the, first, man, ?, ?, ?, indicates, that, no, matter, the, rigidity, of, the, framework, this, piece, of, art, and, by, extension, all, of, man, ?, ?, ?, s, creative, endeavors, are, subordinate, to, our, baser, desires, ., I, have, yet, to, discover, your, allusions, to, the, ...]|100
73|[But, at, the, end, of, every, beach, day, my, complexion, would, be, ?, ?, ?, and, at, least, one, relative, would, make, sure, I, knew, it, ., They, would, say, :, kha, ?, ?, ?, aliti, ?, ?, ?, ?, ?, ?, you, ?, ?, ?, ve, blackened., ?, ?, ?, From, their, tones, it, became, clear, that, this, fact, was, a, bad, thing, a, laughable, thing, ., My, mom, might, ask, me, if, I, wore, sun, protection, or, worry, that, my, sunblock, actually, seemed, to, encourage, tanning, ., An, uncle, might, point, out, that, I, looked, neither, Moroccan, nor, ...]|100
74|[blacklivesmatter, retweet, ?, I, don, ?, ?, ?, t, think, so.I, can, ?, ?, ?, t, pretend, to, be, some, sort, of, social, justice, warrior, for, the, Black, Lives, Matter, movement, or, any, similar, movement, in, another, country, when, I, still, struggle, with, my, own, exterior, ., To, be, skin, sure, to, acknowledge, the, lessons, I, have, internalized, (, wider, noses, =, ugly, darker, skin, =, ugly, blacker, =, ugly, ), and, work, to, reverse, them, will, prove, more, powerful, than, using, an, empowering, hashtag, ., That, is, something, I, think, I, will, focus, on, this, year, :, completely, accepting, ...]|100
75|[?, another, attendee, offers, unprovoked, showing, me, her, outline, so, far, ., ?, ?, ?, But, if, I, snag, some, F-words, I, might, lead, with, that., ?, ?, ?, The, vulgarity, of, the, crowd, is, indeed, striking, ;, they, ?, ?, ?, re, likely, sick, of, the, constant, condescension, they, receive, from, every, writer, but, me.More, yelling, and, more, chants, erupt, in, pockets, throughout, the, growing, crowd, ., I, initially, came, here, to, write, a, story, about, people, yelling, at, Trump, rallies, but, this, ?, This, was, not, at, all, what, I, expected., ?, ?, ?, Sorry, I, don, ?, ...]|100
76|[?, mon, ., Could, this, toxic, co-dependence, be, the, root, of, his, anxieties, ?, August, 21, 2016Today, ?, ?, ?, s, session, was, a, troubling, one, ., After, a, grueling, multi-week, trek, to, the, gym, in, Saffron, City, Mr., Ketchum, returned, to, Pallet, Town, defeated, ., Under, his, breath, he, muttered, with, eyes, glazed, over, ?, ?, ?, got, ta, catch, ?, ?, ?, em, all., ?, ?, ?, It, seems, his, need, to, catch, all, of, them, is, a, compulsion, fueled, by, his, obsession, with, destiny, ;, although, he, can, not, control, the, uncertainties, of, his, own, life, he, ...]|100
77|[each, other, ., Mikael, she, thought, ., Mikael.She, composed, a, message, carefully, considering, his, pictures, ?, ?, ?, him, holding, a, labradoodle, flanked, by, friends, shouting, at, sports, wearing, Patagonia, beside, a, tree, ?, ?, ?, and, tried, to, knit, her, heart, together, with, his, through, a, single, message, when, his, arrived.With, expectations, ballooning, Violet, read, her, soon-to-be, love, ?, ?, ?, s, words, or, rather, his, word, :, ?, ?, ?, Hey., ?, ?, ?, A, needle, sharp, to, her, hope, yet, pointless, beyond, its, width, ., Immediately, she, withdrew, to, the, kitchen, and, ate, a, steak, she, grilled, ...]|100
78|[of, LOL, and, perhaps, he, knew, it, was, a, joke, and, that, she, would, get, it, for, jokes, are, meant, to, be, that, way, ?, ?, ?, shared, and, gotten., ?, ?, ?, Ha, !, ?, ?, ?, she, said, ?, ?, ?, Ha, ha, !, That, ?, ?, ?, s, funny, you, ?, ?, ?, re, funny, ?, ?, ?, she, assured, him, and, cleared, her, throat, standing, to, deliver, a, quick, hug, ., She, always, did, this, no, matter, whom, the, he, was, because, the, premise, here, was, that, they, would, determine, if, their, souls, were, meant, to, ...]|100
79|"[all, clouds, of, doubt., ?, ?, ?, Big, tits, ?, ?, ?, ?, A, tender, message, to, serve, as, both, beginning, and, end.|100, 43|-, -Good, news, everyone, !, Animation, is, magic, ., When, I, wake, up, a, chipmunk, brushes, my, teeth, while, three, raccoons, dress, me, in, the, usual, ?, ?, ?, hilarious, graphic, tee, ;, open, long-sleeved, button-down, to, keep, it, profesh, ;, cargo, shorts, filled, with, stolen, work, pens, loose, change, and, bunny, stamps, I, told, my, wife, were, for, work, things, ., You, ?, ?, ?, re, probably, thinking, ?, ?, ?, Why, the, chipmunk, and, raccoons, ...]"|100
80|[?, ?, we, were, keeping, it, to, just, our, immediate, family, because, Mom, was, so, sick, ., But, he, wasn, ?, ?, ?, t, intentionally, trying, to, ?, ?, ?, ?, ?, ?, ?, ?, ?, Lolwut, !, ?, ?, ?, she, wrote, ., ?, ?, ?, It, ?, ?, ?, ll, be, up, super-1st, thing, tomorrow., ?, ?, ?, ?, ?, ?, Wait, ?, ?, ?, don, ?, ?, ?, t, you, want, to, give, me, a, chance, to, look, over, your, edits, ?, ?, ?, ?, ?, ?, ?, Kthxbai, !, ?, ?, ?, came, on-screen, before, she, ...]|100
81|[essays, ?, ?, ?, ?, I, crumple, it, up, but, before, I, throw, it, out, I, realize, I, need, the, money, desperately, and, perhaps, more, important, that, although, I, ?, ?, ?, m, battered, and, scarred, distrustful, of, people, and, cynical, about, the, art, of, memoir, in, the, digital-media, landscape, not, to, mention, living, in, a, different, city, under, a, new, name, at, a, YMCA, the, traumatic, experience, has, forged, me, for, better, or, worse, into, the, person, I, now, am.Reader, I, sent, her, a, dozen, pitches., #, YOLO.-, -, -Teddy, Wayne, will, be, on, tour, this, month, in, support, ...]|100
82|[your, voice, and, PopStart, ?, ?, ?, s, ;, interviewing, celebrities, and, musicians, about, their, projects, ;, wiping, down, your, hammock, after, use, ;, and, finding, the, Orb, of, Tiranius, which, can, open, a, direct, portal, back, to, hell, ., On, slow, news, days, we, might, even, have, you, sneak, into, Karazaar, ?, ?, ?, s, lair, which, is, in, the, break, room, ., We, ?, ?, ?, ve, heard, rumblings, that, his, groin, is, his, weak, spot, but, since, he, ?, ?, ?, s, a, demon, made, mostly, of, groins, it, ?, ?, ?, s, hard, to, tell, exactly, ...]|100
83|[entire, cast, of, the, movie, Newsies, ., This, movie, was, directly, responsible, for, your, sexual, awakening, '', and, your, interest, in, real, life, boys, depended, mostly, on, whether, or, not, you, could, picture, them, dancing, with, dirt, on, their, faces, and, talking, in, tortured, cockney, accents, ., Even, as, an, adult, when, you, re-watched, it, with, your, niece, ``, you, were, horrified, to, discover, you, are, weirdly, turned, on, by, what, you, now, understand, are, only, children.2, ., Your, gay, best, friend, in, eighth, grade, ., You, didn, ?, ?, ?, t, know, ., When, you, were, older, '', and, ...]|100
84|"[fine.9, ., Your, child, ?, ?, ?, s, swim, instructor, ., Newsies, again, ., Newsies, for, life.|100, '', 48|Everyone, wants, to, ride, on, my, party, boat, ., You, do, and, I, know, you, do, even, if, you, ?, ?, ?, ve, never, seen, it, ., There, is, not, a, single, unsexy, element, ., If, you, find, one, you, ?, ?, ?, re, looking, at, a, Coast, Guard, vessel, or, a, Greenpeace, ship, or, something, else, that, ?, ?, ?, s, got, no, business, in, my, ocean, ., Any, boat, that, isn, ?, ?, ?, t, my, party, boat, should, be, ...]"|100
85|"[?, ?, you, can, just, turn, right, around, and, book, yourself, a, Carnival, Cruise.|100, 49|Portrait, by, Kelly, Bjork-, -, ?, ?, ?, We, ?, ?, ?, ve, responded, to, shootings, in, progress, but, not, to, the, extent, of, what, this, incident, became, ?, ?, ?, said, Officer, Anthony, during, the, July, 2013, inquest, of, the, officer-involved, shooting, that, occurred, at, the, Twilight, Exit, ., Like, Anthony, I, ?, ?, ?, d, also, been, asked, to, testify, in, court, ., After, my, turn, I, stuck, around, and, watched, everyone, give, statements, ., The, case, took, three, days, ., On, the, stand, ...]"|100
86|[?, t, free, to, talk, ?, ?, ?, but, people, could, be, heard, yelling, in, the, background, and, a, gunshot, had, sounded, ., Officer, Anthony, considered, this, caller, ?, ?, ?, s, situation, ., Perhaps, the, caller, was, within, earshot, of, the, suspect, or, perhaps, the, caller, was, hiding, while, the, suspect, made, ?, ?, ?, his, way, through, the, bar, trying, to, find, other, people, ?, ?, ?, said, Officer, Anthony, ., When, the, gunshot, sounded, the, situation, became, ?, ?, ?, what, we, call, active, intelligence, which, means, we, know, for, a, fact, that, something, is, going, on, ...]|100
87|[one, is, at, the, end, ., The, unit, moves, together, while, each, person, covers, a, unique, section, of, the, room, in, accordance, with, his, position, ., The, formation, ?, ?, ?, gives, a, more, concentrated, front, and, it, ?, ?, ?, s, the, greatest, field, of, view, with, the, most, eyes, out, ., The, men, aren, ?, ?, ?, t, stacked, up, right, behind, each, other, looking, at, somebody, ?, ?, ?, s, back, ?, ?, ?, he, said, ., ?, ?, ?, We, move, these, folks, in, very, quickly, giving, loud, verbal, commands, and, then, we, would, move, to, ...]|100
88|[?, dog, tags, ?, ?, ?, ), also, represents, a, different, me, than, the, person, I, am, now, ., It, says, I, ?, ?, ?, m, ?, ?, ?, METH-CH, ?, ?, ?, ?, ?, ?, Methodist, Christian, ?, ?, ?, even, though, I, ?, ?, ?, d, long, been, agnostic, when, the, tag, was, issued, ., I, only, listed, my, parents, ?, ?, ?, faith, to, give, them, comfort, in, case, I, didn, ?, ?, ?, t, make, it, home, ., But, now, it, gives, me, comfort, even, if, it, isn, ?, ?, ?, t, accurate.When, I, think, about, ...]|100
89|[She, wrote, them, for, her, husband, Robert, Browning, who, knew, they, were, brilliant, and, urged, her, to, publish, them, ., She, titled, them, as, she, did, because, the, sonnets, were, deeply, personal, and, she, wanted, people, to, think, that, they, had, been, translated, rather, than, written, about, her, own, marriage.Nice, try, Liz, ., We, see, through, your, little, scheme.The, most, famous, of, the, sonnets, number, 43, is, the, one, I, butchered, in, those, first, two, sentences, ., People, read, it, as, a, breathless, love, poem, where, EBB, is, basically, inarticulate, with, love, ., (, Kind, of, a, stupid, assumption, about, ...]|100
90|[She, wrote, The, Runaway, Slave, at, Pilgrim, ?, ?, ?, s, Point, from, the, perspective, of, a, slave, woman, :, ?, ?, ?, So, the, white, men, brought, the, shame, ere, long, /, To, strangle, the, sob, of, my, agony., ?, ?, ?, Lastly, EBB, should, be, pissed, because, after, her, death, her, husband, Robert, Browning, eclipsed, her, fame, and, reputation, ., Now, Robert, Browning, was, an, incredible, poet, who, deserves, his, place, in, history, but, EBB, was, almost, Poet, Laureate, in, her, lifetime, (, she, lived, 1806-1861, ), ., She, lost, out, to, Tennyson, but, it, ?, ?, ?, ...]|100
91|[confused, with, the, Cosiney, House, a, dwelling, in, which, all, horizontal, surfaces, are, inverted, bell-curves.Einsteiny, HouseLight, inside, a, tiny, house, is, easily, ?, ?, ?, bent, ?, ?, ?, proving, ?, ?, ?, gravitational, lensing., ?, ?, ?, Next, Schr, ?, ?, dinger, ?, ?, ?, s, cat, leaping, from, the, loft, bed, onto, the, head, of, a, homeowner, reclining, below, and, unable, to, avoid, because, the, light, in, the, tiny, space, is, bent, will, feel, heavier, on, impact, than, when, sleeping, on, one, ?, ?, ?, s, lap, proving, ?, ?, ?, E=mc, 2, ?, ?, ?, ., Finally, ...]|100
92|[an, ornery, child, ., Let, ?, ?, ?, s, say, you, need, to, go, to, the, DMV, to, renew, your, license, but, your, body, wants, to, stay, home, and, organize, your, cookbooks, by, ethnicity, ?, What, do, you, do, in, that, situation, ?, Go, to, the, DMV, and, you, and, your, body, will, end, up, standing, in, a, long, line, for, several, hours, ., Organize, the, cookbooks, and, you, and, your, body, may, become, locked, in, a, futile, argument, about, who, takes, precedence, when, it, comes, to, Mexinese, Fusion, cuisine.These, are, the, kinds, of, debilitating, scenarios, that, confront, people, like, ...]|100
93|[when, the, life-force, of, blood, leaves, the, body, acid, sorrow, may, course, in, its, place, ., And, let, this, happen, like, once, a, month, for, decades.-, ?, ?, ?, Nice., ?, ?, ?, -, ?, ?, ?, Love, the, intelligence, of, it., ?, ?, ?, -, ?, ?, ?, Excellent, work, !, ?, ?, ?, -, -LET, THERE, BE, hunger, ., Let, food, be, a, struggle, to, wrest, from, the, land, ., Let, there, be, shame, around, food, and, much, doubt, but, let, it, be, what, births, and, nourishes, them, ., Let, food, then, be, as, their, family.-, ?, ?, ...]|100
94|[?, ?, re, dead, and, I, ?, ?, ?, m, not, real, ., [, minds, blown, ], Little, will, they, know, I, ?, ?, ?, m, just, on, a, hidden, plane, with, my, lizard, pals.-, -LET, THERE, BE, a, special, kind, of, stress, that, comes, only, when, one, is, happy, and, therefore, suspicious, and, without, sleep.-, ?, ?, ?, Okay, ., Well., ?, ?, ?, What, ?, -, ?, ?, ?, Well, maybe, instead, of, sleepless, joy-terror, we, could, let, ?, ?, ?, ?, ?, ?, Yes.-, ?, ?, ?, Um, ., Something, else, maybe, ?, ?, ?, ?, We, ...]|100
95|[?, To, be, intellectually, curious, by, going, on, hour-long, internet, worm, holes, that, start, with, ?, ?, ?, Why, exactly, is, kombucha, good, for, me, ?, ?, ?, and, ends, with, ?, ?, ?, the, Hague, Convention, of, 1899, and, 1907, ?, ?, ?, ?, ?, ?, And, most, importantly, dear, baby, I, want, you, to, know, that, you, are, unconditionally, loved, and, that, I, can, only, hope, you, feel, the, same, joy, I, felt, the, day, you, were, born, ., For, that, was, the, day, I, got, the, most, Instagram, likes, on, your, birth, announcement, photo, than, any, photo, ...]|100
96|[they, are, today, and, internet, shopping, didn, ?, ?, ?, t, yet, exist, ., So, I, did, what, any, ambitious, kid, would, do, in, 1982, :, I, mailed, a, handwritten, letter, to, the, Patriots, ?, ?, ?, front, office, and, explained, that, I, was, a, Patriots, fan, stuck, on, the, west, coast, desperately, wanting, to, support, the, team, and, represent, my, fandom.Sure, enough, they, wrote, back, ., I, wish, I, still, had, the, reply, letter, and, the, sticker, they, enclosed, ., Alas, those, are, gone, but, I, do, still, have, the, Patriots, key, ring, they, sent, ., I, ?, ?, ...]|100
97|[you, ?, ?, ?, re, craving, ., But, maybe, that, drive, ?, ?, ?, and, that, journey, ?, ?, ?, makes, the, crippling, anxiety, all, the, more, rewarding.So, please, don, ?, ?, ?, t, dismiss, West, Coast, crippling, anxiety, right, away, ., Give, it, a, chance, ., In, time, I, think, you, ?, ?, ?, ll, find, it, has, its, own, merits, just, like, New, York, ?, ?, ?, s.Just, make, sure, you, stay, away, from, that, highly, overrated, Chicago, crippling, anxiety, ., That, stuff, is, a, deep-dish, mess, ., Jews, throw, seriously, awesome, parties, ., I, haven, ?, ?, ...]|100
98|[scoot, on, over, to, our, Communications, Lounge, ., It, ?, ?, ?, s, filled, with, colorful, plastic, rotary, phones, that, you, can, pick, up, and, hear, a, harried, voice, on, the, other, end, saying, one, of, six, pre-recorded, messages, including, ?, ?, ?, I, ?, ?, ?, m, in, a, very, important, meeting, right, now, can, this, wait, ?, ?, ?, ?, and, ?, ?, ?, I, told, you, only, to, call, if, it, ?, ?, ?, s, an, emergency., ?, ?, ?, AWWWW, SHIT, :, let, ?, ?, ?, s, buy, a, round, for, the, newest, traveler, on, the, ...]|100
99|[., Morgma, has, not, yet, summoned, his, noisy, neighbors, or, false, promise, that, the, unit, will, be, professionally, cleaned, !, Can, you, fight, on, ?, Will, you, drive, across, town, for, another, showing, ?, This, time, prepare, to, surrender, your, very, soul, and, also, your, quarters, for, Morgma, has, only, installed, one, shared, washer/dryer, for, forty, units, !, And, the, cost, is, $, 4, per, load, !, !, This, is, Morgma, ?, ?, ?, s, fury, !, !, Morgma, can, see, your, strength, fading, ., Are, you, willing, to, settle, for, this, disfigured, studio, with, a, carpet, the, color, of, ...]|100
100|[I, tweet, ?, ?, ?, I, hate, my, life, I, want, to, die, ?, ?, ?, immediately, afterward, doesn, ?, ?, ?, t, change, a, thing, .]|100
